{"_wandb":{"runtime":105},"loss":10.353277492523194,"distill_loss":9.878430080413818,"recon_loss":10.828125,"lr":5e-05,"_timestamp":1.7382298540998716e+09,"_runtime":102.306764198,"_step":25}